,Popularity,Card Name,Element,Level,Type,Description,ATK,DEF,Link,Limitation,Img 50w,Img 100w,Img 140w,Img 200w,Img 260w,Img 360w,Img 420w
0,1,Ash Blossom & Joyous Spring,FIRE,3.0,[ Zombie / Effect / Tuner ],"When a card or effect is activated that includes any of these effects (Quick Effect): You can discard this card; negate that effect.
● Add a card from the Deck to the hand.
● Special Summon from the Deck.
● Send a card from the Deck to the GY.
You can only use this effect of ""Ash Blossom & Joyous Spring"" once per turn.",0,1800,,,'https://s3.duellinksmeta.com/cards/60c2b3a9a0e24f2d54a515b1_w50.webp', 'https://s3.duellinksmeta.com/cards/60c2b3a9a0e24f2d54a515b1_w100.webp', 'https://s3.duellinksmeta.com/cards/60c2b3a9a0e24f2d54a515b1_w140.webp', 'https://s3.duellinksmeta.com/cards/60c2b3a9a0e24f2d54a515b1_w200.webp', 'https://s3.duellinksmeta.com/cards/60c2b3a9a0e24f2d54a515b1_w260.webp', 'https://s3.duellinksmeta.com/cards/60c2b3a9a0e24f2d54a515b1_w360.webp', 'https://s3.duellinksmeta.com/cards/60c2b3a9a0e24f2d54a515b1_w420.webp'
1,2,"Maxx ""C""",EARTH,2.0,[ Insect / Effect ],"During either player's turn: You can send this card from your hand to the Graveyard; this turn, each time your opponent Special Summons a monster(s), immediately draw 1 card. You can only use 1 ""Maxx ""C"""" per turn.",500,200,,,'https://s3.duellinksmeta.com/cards/60c2b3aba0e24f2d54a52b9f_w50.webp', 'https://s3.duellinksmeta.com/cards/60c2b3aba0e24f2d54a52b9f_w100.webp', 'https://s3.duellinksmeta.com/cards/60c2b3aba0e24f2d54a52b9f_w140.webp', 'https://s3.duellinksmeta.com/cards/60c2b3aba0e24f2d54a52b9f_w200.webp', 'https://s3.duellinksmeta.com/cards/60c2b3aba0e24f2d54a52b9f_w260.webp', 'https://s3.duellinksmeta.com/cards/60c2b3aba0e24f2d54a52b9f_w360.webp', 'https://s3.duellinksmeta.com/cards/60c2b3aba0e24f2d54a52b9f_w420.webp'
2,3,Accesscode Talker,DARK,,[ Cyberse / Link / Effect ],"2+ Effect Monsters
Your opponent cannot activate cards or effects in response to this card's effect activations. If this card is Link Summoned: You can target 1 Link Monster that was used as material for its Link Summon; this card gains ATK equal to that monster's Link Rating x 1000. You can banish 1 Link Monster from your field or GY; destroy 1 card your opponent controls, also for the rest of this turn, you cannot banish monsters with that same Attribute to activate this effect of ""Accesscode Talker"".",2300,,LINK–4,,'https://s3.duellinksmeta.com/cards/60c2b3a9a0e24f2d54a5139a_w50.webp', 'https://s3.duellinksmeta.com/cards/60c2b3a9a0e24f2d54a5139a_w100.webp', 'https://s3.duellinksmeta.com/cards/60c2b3a9a0e24f2d54a5139a_w140.webp', 'https://s3.duellinksmeta.com/cards/60c2b3a9a0e24f2d54a5139a_w200.webp', 'https://s3.duellinksmeta.com/cards/60c2b3a9a0e24f2d54a5139a_w260.webp', 'https://s3.duellinksmeta.com/cards/60c2b3a9a0e24f2d54a5139a_w360.webp', 'https://s3.duellinksmeta.com/cards/60c2b3a9a0e24f2d54a5139a_w420.webp'
3,4,Divine Arsenal AA-ZEUS - Sky Thunder,LIGHT,12.0,[ Machine / Xyz / Effect ],"2 Level 12 monsters
Once per turn, if an Xyz Monster battled this turn, you can also Xyz Summon ""Divine Arsenal AA-ZEUS - Sky Thunder"" by using 1 Xyz Monster you control as material. (Transfer its materials to this card.) (Quick Effect): You can detach 2 materials from this card; send all other cards from the field to the GY. Once per turn, if another card(s) you control is destroyed by battle or an opponent's card effect: You can attach 1 card from your hand, Deck, or Extra Deck to this card as material.",3000,3000,,Limited 1,'https://s3.duellinksmeta.com/cards/60c2b3aaa0e24f2d54a51dc4_w50.webp', 'https://s3.duellinksmeta.com/cards/60c2b3aaa0e24f2d54a51dc4_w100.webp', 'https://s3.duellinksmeta.com/cards/60c2b3aaa0e24f2d54a51dc4_w140.webp', 'https://s3.duellinksmeta.com/cards/60c2b3aaa0e24f2d54a51dc4_w200.webp', 'https://s3.duellinksmeta.com/cards/60c2b3aaa0e24f2d54a51dc4_w260.webp', 'https://s3.duellinksmeta.com/cards/60c2b3aaa0e24f2d54a51dc4_w360.webp', 'https://s3.duellinksmeta.com/cards/60c2b3aaa0e24f2d54a51dc4_w420.webp'
4,5,"Apollousa, Bow of the Goddess",WIND,,[ Fairy / Link / Effect ],"2+ monsters with different names, except Tokens
You can only control 1 ""Apollousa, Bow of the Goddess"". The original ATK of this card becomes 800 x the number of Link Materials used for its Link Summon. Once per Chain, when your opponent activates a monster effect (Quick Effect): You can make this card lose exactly 800 ATK, and if you do, negate the activation.",0,,LINK–4,,'https://s3.duellinksmeta.com/cards/60c2b3a9a0e24f2d54a514eb_w50.webp', 'https://s3.duellinksmeta.com/cards/60c2b3a9a0e24f2d54a514eb_w100.webp', 'https://s3.duellinksmeta.com/cards/60c2b3a9a0e24f2d54a514eb_w140.webp', 'https://s3.duellinksmeta.com/cards/60c2b3a9a0e24f2d54a514eb_w200.webp', 'https://s3.duellinksmeta.com/cards/60c2b3a9a0e24f2d54a514eb_w260.webp', 'https://s3.duellinksmeta.com/cards/60c2b3a9a0e24f2d54a514eb_w360.webp', 'https://s3.duellinksmeta.com/cards/60c2b3a9a0e24f2d54a514eb_w420.webp'
5,6,"Nibiru, the Primal Being",LIGHT,11.0,[ Rock / Effect ],"During the Main Phase, if your opponent Normal or Special Summoned 5 or more monsters this turn (Quick Effect): You can Tribute as many face-up monsters on the field as possible, and if you do, Special Summon this card from your hand, then Special Summon 1 ""Primal Being Token"" (Rock/LIGHT/Level 11/ATK ?/DEF ?) to your opponent's field. (This Token's ATK/DEF become the combined original ATK/DEF of the Tributed monsters.) You can only use this effect of ""Nibiru, the Primal Being"" once per turn.",3000,600,,,'https://s3.duellinksmeta.com/cards/60c2b3aba0e24f2d54a52e1e_w50.webp', 'https://s3.duellinksmeta.com/cards/60c2b3aba0e24f2d54a52e1e_w100.webp', 'https://s3.duellinksmeta.com/cards/60c2b3aba0e24f2d54a52e1e_w140.webp', 'https://s3.duellinksmeta.com/cards/60c2b3aba0e24f2d54a52e1e_w200.webp', 'https://s3.duellinksmeta.com/cards/60c2b3aba0e24f2d54a52e1e_w260.webp', 'https://s3.duellinksmeta.com/cards/60c2b3aba0e24f2d54a52e1e_w360.webp', 'https://s3.duellinksmeta.com/cards/60c2b3aba0e24f2d54a52e1e_w420.webp'
6,7,Knightmare Unicorn,DARK,,[ Fiend / Link / Effect ],"2+ monsters with different names
If this card is Link Summoned: You can discard 1 card, then target 1 card on the field; shuffle it into the Deck, then, if this card was co-linked when this effect was activated, you can draw 1 card. You can only use this effect of ""Knightmare Unicorn"" once per turn. While any co-linked ""Knightmare"" monsters are on the field, for your normal draw in your Draw Phase, draw 1 card for each different card name among those co-linked ""Knightmare"" monsters, instead of drawing just 1 card.",2200,,LINK–3,,'https://s3.duellinksmeta.com/cards/60c2b3aba0e24f2d54a52884_w50.webp', 'https://s3.duellinksmeta.com/cards/60c2b3aba0e24f2d54a52884_w100.webp', 'https://s3.duellinksmeta.com/cards/60c2b3aba0e24f2d54a52884_w140.webp', 'https://s3.duellinksmeta.com/cards/60c2b3aba0e24f2d54a52884_w200.webp', 'https://s3.duellinksmeta.com/cards/60c2b3aba0e24f2d54a52884_w260.webp', 'https://s3.duellinksmeta.com/cards/60c2b3aba0e24f2d54a52884_w360.webp', 'https://s3.duellinksmeta.com/cards/60c2b3aba0e24f2d54a52884_w420.webp'
7,8,Knightmare Phoenix,FIRE,,[ Fiend / Link / Effect ],"2 monsters with different names
If this card is Link Summoned: You can discard 1 card, then target 1 Spell/Trap your opponent controls; destroy it, then, if this card was co-linked when this effect was activated, you can draw 1 card. You can only use this effect of ""Knightmare Phoenix"" once per turn. Co-linked monsters you control cannot be destroyed by battle.",1900,,LINK–2,,'https://s3.duellinksmeta.com/cards/60c2b3aba0e24f2d54a52883_w50.webp', 'https://s3.duellinksmeta.com/cards/60c2b3aba0e24f2d54a52883_w100.webp', 'https://s3.duellinksmeta.com/cards/60c2b3aba0e24f2d54a52883_w140.webp', 'https://s3.duellinksmeta.com/cards/60c2b3aba0e24f2d54a52883_w200.webp', 'https://s3.duellinksmeta.com/cards/60c2b3aba0e24f2d54a52883_w260.webp', 'https://s3.duellinksmeta.com/cards/60c2b3aba0e24f2d54a52883_w360.webp', 'https://s3.duellinksmeta.com/cards/60c2b3aba0e24f2d54a52883_w420.webp'
8,9,I:P Masquerena,DARK,,[ Cyberse / Link / Effect ],"2 non-Link Monsters
During your opponent's Main Phase, you can (Quick Effect): Immediately after this effect resolves, Link Summon 1 Link Monster using materials you control, including this card. You can only use this effect of ""I:P Masquerena"" once per turn. A Link Monster that used this card as material cannot be destroyed by your opponent's card effects.",800,,LINK–2,,'https://s3.duellinksmeta.com/cards/60c2b3aba0e24f2d54a5269c_w50.webp', 'https://s3.duellinksmeta.com/cards/60c2b3aba0e24f2d54a5269c_w100.webp', 'https://s3.duellinksmeta.com/cards/60c2b3aba0e24f2d54a5269c_w140.webp', 'https://s3.duellinksmeta.com/cards/60c2b3aba0e24f2d54a5269c_w200.webp', 'https://s3.duellinksmeta.com/cards/60c2b3aba0e24f2d54a5269c_w260.webp', 'https://s3.duellinksmeta.com/cards/60c2b3aba0e24f2d54a5269c_w360.webp', 'https://s3.duellinksmeta.com/cards/60c2b3aba0e24f2d54a5269c_w420.webp'
9,10,Salamangreat Almiraj,FIRE,,[ Cyberse / Link / Effect ],"1 Normal Summoned monster with 1000 or less ATK
(Quick Effect): You can Tribute this card, then target 1 monster you control; it cannot be destroyed by your opponent's card effects this turn. When a Normal Summoned monster you control is destroyed by battle, while this card is in your GY: You can Special Summon this card. You can only use this effect of ""Salamangreat Almiraj"" once per turn.",0,,LINK–1,,'https://s3.duellinksmeta.com/cards/60c2b3aca0e24f2d54a5347e_w50.webp', 'https://s3.duellinksmeta.com/cards/60c2b3aca0e24f2d54a5347e_w100.webp', 'https://s3.duellinksmeta.com/cards/60c2b3aca0e24f2d54a5347e_w140.webp', 'https://s3.duellinksmeta.com/cards/60c2b3aca0e24f2d54a5347e_w200.webp', 'https://s3.duellinksmeta.com/cards/60c2b3aca0e24f2d54a5347e_w260.webp', 'https://s3.duellinksmeta.com/cards/60c2b3aca0e24f2d54a5347e_w360.webp', 'https://s3.duellinksmeta.com/cards/60c2b3aca0e24f2d54a5347e_w420.webp'
10,11,Crystron Halqifibrax,WATER,,[ Machine / Link / Effect ],"2 monsters, including a Tuner
If this card is Link Summoned: You can Special Summon 1 Level 3 or lower Tuner from your hand or Deck in Defense Position, but it cannot activate its effects this turn. During your opponent's Main Phase or Battle Phase (Quick Effect): You can banish this card you control; Special Summon 1 Tuner Synchro Monster from your Extra Deck. (This is treated as a Synchro Summon.) You can only use each effect of ""Crystron Halqifibrax"" once per turn.",1500,,LINK–2,Limited 1,'https://s3.duellinksmeta.com/cards/60c2b3aaa0e24f2d54a51aa1_w50.webp', 'https://s3.duellinksmeta.com/cards/60c2b3aaa0e24f2d54a51aa1_w100.webp', 'https://s3.duellinksmeta.com/cards/60c2b3aaa0e24f2d54a51aa1_w140.webp', 'https://s3.duellinksmeta.com/cards/60c2b3aaa0e24f2d54a51aa1_w200.webp', 'https://s3.duellinksmeta.com/cards/60c2b3aaa0e24f2d54a51aa1_w260.webp', 'https://s3.duellinksmeta.com/cards/60c2b3aaa0e24f2d54a51aa1_w360.webp', 'https://s3.duellinksmeta.com/cards/60c2b3aaa0e24f2d54a51aa1_w420.webp'
11,12,Borreload Savage Dragon,DARK,8.0,[ Dragon / Synchro / Effect ],"1 Tuner + 1+ non-Tuner monsters
If this card is Synchro Summoned: You can equip 1 Link Monster from your GY to this card, and if you do, place Borrel Counters on this card equal to that Link Monster's Link Rating. This card gains ATK equal to half the ATK of the monster equipped to it by its effect. When your opponent activates a card or effect (Quick Effect): You can remove 1 Borrel Counter from this card; negate the activation. You can only use this effect of ""Borreload Savage Dragon"" once per turn.",3000,2500,,,'https://s3.duellinksmeta.com/cards/60c2b3a9a0e24f2d54a517d1_w50.webp', 'https://s3.duellinksmeta.com/cards/60c2b3a9a0e24f2d54a517d1_w100.webp', 'https://s3.duellinksmeta.com/cards/60c2b3a9a0e24f2d54a517d1_w140.webp', 'https://s3.duellinksmeta.com/cards/60c2b3a9a0e24f2d54a517d1_w200.webp', 'https://s3.duellinksmeta.com/cards/60c2b3a9a0e24f2d54a517d1_w260.webp', 'https://s3.duellinksmeta.com/cards/60c2b3a9a0e24f2d54a517d1_w360.webp', 'https://s3.duellinksmeta.com/cards/60c2b3a9a0e24f2d54a517d1_w420.webp'
12,13,Tri-Brigade Ferrijit the Barren Blossom,EARTH,,[ Beast / Link / Effect ],"2 Beast, Beast-Warrior, and/or Winged Beast monsters
During your Main Phase: You can Special Summon 1 Level 4 or lower Beast, Beast-Warrior, or Winged Beast monster from your hand, also you cannot use monsters as Link Material for the rest of this turn, except Beast, Beast-Warrior, or Winged Beast monsters. If this card is sent to the GY: You can draw 1 card, then place 1 card from your hand on the bottom of the Deck. You can only use each effect of ""Tri-Brigade Ferrijit the Barren Blossom"" once per turn.",1600,,LINK–2,,'https://s3.duellinksmeta.com/cards/60c2b3aca0e24f2d54a53b75_w50.webp', 'https://s3.duellinksmeta.com/cards/60c2b3aca0e24f2d54a53b75_w100.webp', 'https://s3.duellinksmeta.com/cards/60c2b3aca0e24f2d54a53b75_w140.webp', 'https://s3.duellinksmeta.com/cards/60c2b3aca0e24f2d54a53b75_w200.webp', 'https://s3.duellinksmeta.com/cards/60c2b3aca0e24f2d54a53b75_w260.webp', 'https://s3.duellinksmeta.com/cards/60c2b3aca0e24f2d54a53b75_w360.webp', 'https://s3.duellinksmeta.com/cards/60c2b3aca0e24f2d54a53b75_w420.webp'
13,14,Tri-Brigade Shuraig the Ominous Omen,DARK,,[ Winged Beast / Link / Effect ],"2+ Beast, Beast-Warrior, and/or Winged Beast monsters
If this card is Special Summoned, or if another Beast, Beast-Warrior, or Winged Beast monster(s) is Special Summoned to your field: You can banish 1 card on the field. If this card is sent to the GY: You can add 1 Beast, Beast-Warrior, or Winged Beast monster from your Deck to your hand, whose Level is less than or equal to the number of your banished Beast, Beast-Warrior, and Winged Beast monsters. You can only use each effect of ""Tri-Brigade Shuraig the Ominous Omen"" once per turn.",3000,,LINK–4,,'https://s3.duellinksmeta.com/cards/60c2b3aca0e24f2d54a53b7e_w50.webp', 'https://s3.duellinksmeta.com/cards/60c2b3aca0e24f2d54a53b7e_w100.webp', 'https://s3.duellinksmeta.com/cards/60c2b3aca0e24f2d54a53b7e_w140.webp', 'https://s3.duellinksmeta.com/cards/60c2b3aca0e24f2d54a53b7e_w200.webp', 'https://s3.duellinksmeta.com/cards/60c2b3aca0e24f2d54a53b7e_w260.webp', 'https://s3.duellinksmeta.com/cards/60c2b3aca0e24f2d54a53b7e_w360.webp', 'https://s3.duellinksmeta.com/cards/60c2b3aca0e24f2d54a53b7e_w420.webp'
14,15,Tri-Brigade Nervall,WIND,1.0,[ Winged Beast / Effect ],"You can banish any number of Beast, Beast-Warrior, and/or Winged Beast monsters in your GY; Special Summon 1 Beast, Beast-Warrior, or Winged Beast Link Monster from your Extra Deck, with Link Rating equal to the number banished, also you can only use Beast, Beast-Warrior, and Winged Beast monsters as Link Material for the rest of this turn. If this card is sent to the GY: You can add 1 ""Tri-Brigade"" monster from your Deck to your hand, except ""Tri-Brigade Nervall"". You can only use each effect of ""Tri-Brigade Nervall"" once per turn.",0,2000,,,'https://s3.duellinksmeta.com/cards/60c2b3aca0e24f2d54a53b79_w50.webp', 'https://s3.duellinksmeta.com/cards/60c2b3aca0e24f2d54a53b79_w100.webp', 'https://s3.duellinksmeta.com/cards/60c2b3aca0e24f2d54a53b79_w140.webp', 'https://s3.duellinksmeta.com/cards/60c2b3aca0e24f2d54a53b79_w200.webp', 'https://s3.duellinksmeta.com/cards/60c2b3aca0e24f2d54a53b79_w260.webp', 'https://s3.duellinksmeta.com/cards/60c2b3aca0e24f2d54a53b79_w360.webp', 'https://s3.duellinksmeta.com/cards/60c2b3aca0e24f2d54a53b79_w420.webp'
15,16,Tri-Brigade Kerass,EARTH,2.0,[ Beast / Effect ],"You can discard 1 other Beast, Beast-Warrior, or Winged Beast monster; Special Summon this card from your hand. You can banish any number of Beast, Beast-Warrior, and/or Winged Beast monsters in your GY; Special Summon 1 Beast, Beast-Warrior, or Winged Beast Link Monster from your Extra Deck, with Link Rating equal to the number banished, also you can only use Beast, Beast-Warrior, and Winged Beast monsters as Link Material for the rest of this turn. You can only use each effect of ""Tri-Brigade Kerass"" once per turn.",1200,1500,,,'https://s3.duellinksmeta.com/cards/60c2b3aca0e24f2d54a53b77_w50.webp', 'https://s3.duellinksmeta.com/cards/60c2b3aca0e24f2d54a53b77_w100.webp', 'https://s3.duellinksmeta.com/cards/60c2b3aca0e24f2d54a53b77_w140.webp', 'https://s3.duellinksmeta.com/cards/60c2b3aca0e24f2d54a53b77_w200.webp', 'https://s3.duellinksmeta.com/cards/60c2b3aca0e24f2d54a53b77_w260.webp', 'https://s3.duellinksmeta.com/cards/60c2b3aca0e24f2d54a53b77_w360.webp', 'https://s3.duellinksmeta.com/cards/60c2b3aca0e24f2d54a53b77_w420.webp'
16,17,Tri-Brigade Fraktall,FIRE,4.0,[ Beast-Warrior / Effect ],"You can send this card from your hand or field to the GY; send 1 Level 3 or lower Beast, Beast-Warrior, or Winged Beast monster from your Deck to the GY. You can banish any number of Beast, Beast-Warrior, and/or Winged Beast monsters in your GY; Special Summon 1 Beast, Beast-Warrior, or Winged Beast Link Monster from your Extra Deck, with Link Rating equal to the number banished, also you can only use Beast, Beast-Warrior, and Winged Beast monsters as Link Material for the rest of this turn. You can only use each effect of ""Tri-Brigade Fraktall"" once per turn.",1900,1600,,,'https://s3.duellinksmeta.com/cards/60c2b3aca0e24f2d54a53b76_w50.webp', 'https://s3.duellinksmeta.com/cards/60c2b3aca0e24f2d54a53b76_w100.webp', 'https://s3.duellinksmeta.com/cards/60c2b3aca0e24f2d54a53b76_w140.webp', 'https://s3.duellinksmeta.com/cards/60c2b3aca0e24f2d54a53b76_w200.webp', 'https://s3.duellinksmeta.com/cards/60c2b3aca0e24f2d54a53b76_w260.webp', 'https://s3.duellinksmeta.com/cards/60c2b3aca0e24f2d54a53b76_w360.webp', 'https://s3.duellinksmeta.com/cards/60c2b3aca0e24f2d54a53b76_w420.webp'
17,18,Tri-Brigade Kitt,FIRE,2.0,[ Beast / Effect ],"You can banish any number of Beast, Beast-Warrior, and/or Winged Beast monsters in your GY; Special Summon 1 Beast, Beast-Warrior, or Winged Beast Link Monster from your Extra Deck, with Link Rating equal to the number banished, also you can only use Beast, Beast-Warrior, and Winged Beast monsters as Link Material for the rest of this turn. If this card is sent to the GY: You can send 1 ""Tri-Brigade"" card from your Deck to the GY, except ""Tri-Brigade Kitt"". You can only use each effect of ""Tri-Brigade Kitt"" once per turn.",700,1000,,,'https://s3.duellinksmeta.com/cards/60c2b3aca0e24f2d54a53b78_w50.webp', 'https://s3.duellinksmeta.com/cards/60c2b3aca0e24f2d54a53b78_w100.webp', 'https://s3.duellinksmeta.com/cards/60c2b3aca0e24f2d54a53b78_w140.webp', 'https://s3.duellinksmeta.com/cards/60c2b3aca0e24f2d54a53b78_w200.webp', 'https://s3.duellinksmeta.com/cards/60c2b3aca0e24f2d54a53b78_w260.webp', 'https://s3.duellinksmeta.com/cards/60c2b3aca0e24f2d54a53b78_w360.webp', 'https://s3.duellinksmeta.com/cards/60c2b3aca0e24f2d54a53b78_w420.webp'
18,19,Ancient Warriors Oath - Double Dragon Lords,WIND,,[ Beast-Warrior / Link / Effect ],"2 Beast-Warrior monsters, including a WIND ""Ancient Warriors"" monster
All ""Ancient Warriors"" monsters you control gain 500 ATK/DEF. You can only use each of the following effects of ""Ancient Warriors Oath - Double Dragon Lords"" once per turn. If this card is Link Summoned: You can add 1 ""Ancient Warriors"" card from your Deck to your hand. (Quick Effect): You can send 1 card from your hand or field to the GY, then target 1 face-up card your opponent controls; return it to the hand.",1100,,LINK–2,,'https://s3.duellinksmeta.com/cards/60c2b3a9a0e24f2d54a514c6_w50.webp', 'https://s3.duellinksmeta.com/cards/60c2b3a9a0e24f2d54a514c6_w100.webp', 'https://s3.duellinksmeta.com/cards/60c2b3a9a0e24f2d54a514c6_w140.webp', 'https://s3.duellinksmeta.com/cards/60c2b3a9a0e24f2d54a514c6_w200.webp', 'https://s3.duellinksmeta.com/cards/60c2b3a9a0e24f2d54a514c6_w260.webp', 'https://s3.duellinksmeta.com/cards/60c2b3a9a0e24f2d54a514c6_w360.webp', 'https://s3.duellinksmeta.com/cards/60c2b3a9a0e24f2d54a514c6_w420.webp'
19,20,Linkuriboh,DARK,,[ Cyberse / Link / Effect ],"1 Level 1 Monster
When an opponent's monster declares an attack: You can Tribute this card; change that opponent's monster's ATK to 0, until the end of this turn. If this card is in your GY (Quick Effect): You can Tribute 1 Level 1 monster; Special Summon this card. You can only use this effect of ""Linkuriboh"" once per turn.",300,,LINK–1,,'https://s3.duellinksmeta.com/cards/60c2b3aba0e24f2d54a529c0_w50.webp', 'https://s3.duellinksmeta.com/cards/60c2b3aba0e24f2d54a529c0_w100.webp', 'https://s3.duellinksmeta.com/cards/60c2b3aba0e24f2d54a529c0_w140.webp', 'https://s3.duellinksmeta.com/cards/60c2b3aba0e24f2d54a529c0_w200.webp', 'https://s3.duellinksmeta.com/cards/60c2b3aba0e24f2d54a529c0_w260.webp', 'https://s3.duellinksmeta.com/cards/60c2b3aba0e24f2d54a529c0_w360.webp', 'https://s3.duellinksmeta.com/cards/60c2b3aba0e24f2d54a529c0_w420.webp'
20,21,PSY-Framegear Gamma,LIGHT,2.0,[ Psychic / Effect / Tuner ],"Cannot be Normal Summoned/Set. Must be Special Summoned by a card effect. When your opponent activates a monster effect while you control no monsters (Quick Effect): You can Special Summon both this card from your hand and 1 ""PSY-Frame Driver"" from your hand, Deck, or GY, and if you do, negate that activation, and if you do that, destroy that monster. During the End Phase, banish the face-up monsters Special Summoned by this effect.",1000,0,,Limited 2,'https://s3.duellinksmeta.com/cards/60c2b3aba0e24f2d54a52fdc_w50.webp', 'https://s3.duellinksmeta.com/cards/60c2b3aba0e24f2d54a52fdc_w100.webp', 'https://s3.duellinksmeta.com/cards/60c2b3aba0e24f2d54a52fdc_w140.webp', 'https://s3.duellinksmeta.com/cards/60c2b3aba0e24f2d54a52fdc_w200.webp', 'https://s3.duellinksmeta.com/cards/60c2b3aba0e24f2d54a52fdc_w260.webp', 'https://s3.duellinksmeta.com/cards/60c2b3aba0e24f2d54a52fdc_w360.webp', 'https://s3.duellinksmeta.com/cards/60c2b3aba0e24f2d54a52fdc_w420.webp'
21,22,PSY-Frame Driver,LIGHT,6.0,[ Psychic / Normal ],"A Psychic soldier that rides into battle against the Security Forces on currents of lightning, using an autonomic amplifier called ""PSY-Frame"".",2500,0,,,'https://s3.duellinksmeta.com/cards/60c2b3aba0e24f2d54a52fd5_w50.webp', 'https://s3.duellinksmeta.com/cards/60c2b3aba0e24f2d54a52fd5_w100.webp', 'https://s3.duellinksmeta.com/cards/60c2b3aba0e24f2d54a52fd5_w140.webp', 'https://s3.duellinksmeta.com/cards/60c2b3aba0e24f2d54a52fd5_w200.webp', 'https://s3.duellinksmeta.com/cards/60c2b3aba0e24f2d54a52fd5_w260.webp', 'https://s3.duellinksmeta.com/cards/60c2b3aba0e24f2d54a52fd5_w360.webp', 'https://s3.duellinksmeta.com/cards/60c2b3aba0e24f2d54a52fd5_w420.webp'
22,23,Zoodiac Boarbow,EARTH,4.0,[ Beast-Warrior / Xyz / Effect ],"5 Level 4 monsters
Once per turn, you can also Xyz Summon ""Zoodiac Boarbow"" by using 1 ""Zoodiac"" monster you control with a different name as Xyz Material. (If you used an Xyz Monster, any Xyz Materials attached to it also become Xyz Materials on this card.) This card gains ATK and DEF equal to the ATK and DEF of all ""Zoodiac"" monsters attached to it as Materials. This card can attack your opponent directly. When this card inflicts battle damage to your opponent while it has 12 or more Xyz Materials: You can send as many cards as possible from your opponent's hand and field to the Graveyard, then change this card to Defense Position.",0,0,,,'https://s3.duellinksmeta.com/cards/60c2b3ada0e24f2d54a53f9b_w50.webp', 'https://s3.duellinksmeta.com/cards/60c2b3ada0e24f2d54a53f9b_w100.webp', 'https://s3.duellinksmeta.com/cards/60c2b3ada0e24f2d54a53f9b_w140.webp', 'https://s3.duellinksmeta.com/cards/60c2b3ada0e24f2d54a53f9b_w200.webp', 'https://s3.duellinksmeta.com/cards/60c2b3ada0e24f2d54a53f9b_w260.webp', 'https://s3.duellinksmeta.com/cards/60c2b3ada0e24f2d54a53f9b_w360.webp', 'https://s3.duellinksmeta.com/cards/60c2b3ada0e24f2d54a53f9b_w420.webp'
23,24,Zoodiac Chakanine,EARTH,4.0,[ Beast-Warrior / Xyz / Effect ],"2 or more Level 4 monsters
Once per turn, you can also Xyz Summon ""Zoodiac Chakanine"" by using 1 ""Zoodiac"" monster you control with a different name as Xyz Material. (If you used an Xyz Monster, any Xyz Materials attached to it also become Xyz Materials on this card.) This card gains ATK and DEF equal to the ATK and DEF of all ""Zoodiac"" monsters attached to it as Materials. Once per turn: You can detach 1 Xyz Material from this card, then target 1 ""Zoodiac"" monster in your Graveyard; Special Summon it, but for the rest of this turn, it has its effects negated, also it cannot be used as an Xyz Material for a Summon.",0,0,,,'https://s3.duellinksmeta.com/cards/60c2b3ada0e24f2d54a53f9e_w50.webp', 'https://s3.duellinksmeta.com/cards/60c2b3ada0e24f2d54a53f9e_w100.webp', 'https://s3.duellinksmeta.com/cards/60c2b3ada0e24f2d54a53f9e_w140.webp', 'https://s3.duellinksmeta.com/cards/60c2b3ada0e24f2d54a53f9e_w200.webp', 'https://s3.duellinksmeta.com/cards/60c2b3ada0e24f2d54a53f9e_w260.webp', 'https://s3.duellinksmeta.com/cards/60c2b3ada0e24f2d54a53f9e_w360.webp', 'https://s3.duellinksmeta.com/cards/60c2b3ada0e24f2d54a53f9e_w420.webp'
24,25,Zoodiac Drident,EARTH,4.0,[ Beast-Warrior / Xyz / Effect ],"4 Level 4 monsters
Once per turn, you can also Xyz Summon ""Zoodiac Drident"" by using 1 ""Zoodiac"" monster you control with a different name as Xyz Material. (If you used an Xyz Monster, any Xyz Materials attached to it also become Xyz Materials on this card.) This card gains ATK and DEF equal to the ATK and DEF of all ""Zoodiac"" monsters attached to it as Materials. Once per turn, during either player's turn: You can detach 1 Xyz Material from this card, then target 1 face-up card on the field; destroy it.",0,0,,Limited 1,'https://s3.duellinksmeta.com/cards/60c2b3ada0e24f2d54a53fa0_w50.webp', 'https://s3.duellinksmeta.com/cards/60c2b3ada0e24f2d54a53fa0_w100.webp', 'https://s3.duellinksmeta.com/cards/60c2b3ada0e24f2d54a53fa0_w140.webp', 'https://s3.duellinksmeta.com/cards/60c2b3ada0e24f2d54a53fa0_w200.webp', 'https://s3.duellinksmeta.com/cards/60c2b3ada0e24f2d54a53fa0_w260.webp', 'https://s3.duellinksmeta.com/cards/60c2b3ada0e24f2d54a53fa0_w360.webp', 'https://s3.duellinksmeta.com/cards/60c2b3ada0e24f2d54a53fa0_w420.webp'
25,26,Tri-Brigade Rugal the Silver Sheller,EARTH,,[ Beast-Warrior / Link / Effect ],"2+ Beast, Beast-Warrior, and/or Winged Beast monsters
During your opponent's Main Phase (Quick Effect): You can Special Summon 1 Level 4 or lower Beast, Beast-Warrior, or Winged Beast monster from your hand or GY, but negate its effects, also, return it to the hand during the End Phase. If this card is sent to the GY: You can make all monsters your opponent currently controls lose 300 ATK for each Monster Type you control, until the end of this turn. You can only use each effect of ""Tri-Brigade Rugal the Silver Sheller"" once per turn.",2300,,LINK–3,,'https://s3.duellinksmeta.com/cards/60c2b3aca0e24f2d54a53b7d_w50.webp', 'https://s3.duellinksmeta.com/cards/60c2b3aca0e24f2d54a53b7d_w100.webp', 'https://s3.duellinksmeta.com/cards/60c2b3aca0e24f2d54a53b7d_w140.webp', 'https://s3.duellinksmeta.com/cards/60c2b3aca0e24f2d54a53b7d_w200.webp', 'https://s3.duellinksmeta.com/cards/60c2b3aca0e24f2d54a53b7d_w260.webp', 'https://s3.duellinksmeta.com/cards/60c2b3aca0e24f2d54a53b7d_w360.webp', 'https://s3.duellinksmeta.com/cards/60c2b3aca0e24f2d54a53b7d_w420.webp'
26,27,"Hraesvelgr, the Desperate Doom Eagle",WIND,,[ Winged Beast / Link / Effect ],"2+ WIND monsters
Gains 2400 ATK while your opponent has no monsters in their GY. (Quick Effect): You can target 1 monster in your opponent's GY; shuffle it into the Deck. You can only use this effect of ""Hraesvelgr, the Desperate Doom Eagle"" once per turn.",2400,,LINK–3,,'https://s3.duellinksmeta.com/cards/60c2b3aba0e24f2d54a5266e_w50.webp', 'https://s3.duellinksmeta.com/cards/60c2b3aba0e24f2d54a5266e_w100.webp', 'https://s3.duellinksmeta.com/cards/60c2b3aba0e24f2d54a5266e_w140.webp', 'https://s3.duellinksmeta.com/cards/60c2b3aba0e24f2d54a5266e_w200.webp', 'https://s3.duellinksmeta.com/cards/60c2b3aba0e24f2d54a5266e_w260.webp', 'https://s3.duellinksmeta.com/cards/60c2b3aba0e24f2d54a5266e_w360.webp', 'https://s3.duellinksmeta.com/cards/60c2b3aba0e24f2d54a5266e_w420.webp'
27,28,Link Spider,EARTH,,[ Cyberse / Link / Effect ],"1 Normal Monster
Once per turn: You can Special Summon 1 Level 4 or lower Normal Monster from your hand to your zone this card points to.",1000,,LINK–1,,'https://s3.duellinksmeta.com/cards/60c2b3aba0e24f2d54a529b8_w50.webp', 'https://s3.duellinksmeta.com/cards/60c2b3aba0e24f2d54a529b8_w100.webp', 'https://s3.duellinksmeta.com/cards/60c2b3aba0e24f2d54a529b8_w140.webp', 'https://s3.duellinksmeta.com/cards/60c2b3aba0e24f2d54a529b8_w200.webp', 'https://s3.duellinksmeta.com/cards/60c2b3aba0e24f2d54a529b8_w260.webp', 'https://s3.duellinksmeta.com/cards/60c2b3aba0e24f2d54a529b8_w360.webp', 'https://s3.duellinksmeta.com/cards/60c2b3aba0e24f2d54a529b8_w420.webp'
28,29,Union Carrier,LIGHT,,[ Machine / Link / Effect ],"2 monsters with the same Type or Attribute
Cannot be used as Link Material the turn it is Link Summoned. You can target 1 face-up monster you control; equip 1 monster to it from your hand or Deck with its same original Type or Attribute. The equipped monster gains 1000 ATK. If you equipped it from the Deck, you cannot Special Summon monsters with that Equip Card's name for the rest of this turn. You can only use this effect of ""Union Carrier"" once per turn.",1000,,LINK–2,,'https://s3.duellinksmeta.com/cards/60c2b3aca0e24f2d54a53c79_w50.webp', 'https://s3.duellinksmeta.com/cards/60c2b3aca0e24f2d54a53c79_w100.webp', 'https://s3.duellinksmeta.com/cards/60c2b3aca0e24f2d54a53c79_w140.webp', 'https://s3.duellinksmeta.com/cards/60c2b3aca0e24f2d54a53c79_w200.webp', 'https://s3.duellinksmeta.com/cards/60c2b3aca0e24f2d54a53c79_w260.webp', 'https://s3.duellinksmeta.com/cards/60c2b3aca0e24f2d54a53c79_w360.webp', 'https://s3.duellinksmeta.com/cards/60c2b3aca0e24f2d54a53c79_w420.webp'
29,30,Herald of the Arc Light,LIGHT,4.0,[ Fairy / Synchro / Effect ],"1 Tuner + 1+ non-Tuner monsters
Any monster sent from the hand or Main Deck to the GY is banished instead. When a Spell/Trap Card, or monster effect, is activated (Quick Effect): You can Tribute this card; negate the activation, and if you do, destroy that card. If this card is sent to the GY: You can add 1 Ritual Monster or 1 Ritual Spell from your Deck to your hand.",600,1000,,,'https://s3.duellinksmeta.com/cards/60c2b3aba0e24f2d54a525df_w50.webp', 'https://s3.duellinksmeta.com/cards/60c2b3aba0e24f2d54a525df_w100.webp', 'https://s3.duellinksmeta.com/cards/60c2b3aba0e24f2d54a525df_w140.webp', 'https://s3.duellinksmeta.com/cards/60c2b3aba0e24f2d54a525df_w200.webp', 'https://s3.duellinksmeta.com/cards/60c2b3aba0e24f2d54a525df_w260.webp', 'https://s3.duellinksmeta.com/cards/60c2b3aba0e24f2d54a525df_w360.webp', 'https://s3.duellinksmeta.com/cards/60c2b3aba0e24f2d54a525df_w420.webp'
30,31,Elder Entity N'tss,LIGHT,4.0,[ Fairy / Fusion / Effect ],"1 Synchro Monster + 1 Xyz Monster
Must be Special Summoned (from your Extra Deck) by sending the above cards you control to the GY. (You do not use ""Polymerization"".) Once per turn: You can Special Summon 1 Level 4 monster from your hand. If this card is sent to the GY: You can target 1 card on the field; destroy it. You can only Special Summon ""Elder Entity N'tss(s)"" once per turn.",2500,1200,,,'https://s3.duellinksmeta.com/cards/60c2b3aaa0e24f2d54a51f54_w50.webp', 'https://s3.duellinksmeta.com/cards/60c2b3aaa0e24f2d54a51f54_w100.webp', 'https://s3.duellinksmeta.com/cards/60c2b3aaa0e24f2d54a51f54_w140.webp', 'https://s3.duellinksmeta.com/cards/60c2b3aaa0e24f2d54a51f54_w200.webp', 'https://s3.duellinksmeta.com/cards/60c2b3aaa0e24f2d54a51f54_w260.webp', 'https://s3.duellinksmeta.com/cards/60c2b3aaa0e24f2d54a51f54_w360.webp', 'https://s3.duellinksmeta.com/cards/60c2b3aaa0e24f2d54a51f54_w420.webp'
31,32,Tri-Brigade Bearbrumm the Rampant Rampager,FIRE,,[ Beast / Link / Effect ],"1 Synchro Monster + 1 Xyz Monster
Must be Special Summoned (from your Extra Deck) by sending the above cards you control to the GY. (You do not use ""Polymerization"".) Once per turn: You can Special Summon 1 Level 4 monster from your hand. If this card is sent to the GY: You can target 1 card on the field; destroy it. You can only Special Summon ""Elder Entity N'tss(s)"" once per turn.",1700,,LINK-2,,'https://s3.duellinksmeta.com/cards/60c2b3aca0e24f2d54a53b74_w50.webp','https://s3.duellinksmeta.com/cards/60c2b3aca0e24f2d54a53b74_w100.webp','https://s3.duellinksmeta.com/cards/60c2b3aca0e24f2d54a53b74_w140.webp','https://s3.duellinksmeta.com/cards/60c2b3aca0e24f2d54a53b74_w200.webp','https://s3.duellinksmeta.com/cards/60c2b3aca0e24f2d54a53b74_w260.webp','https://s3.duellinksmeta.com/cards/60c2b3aca0e24f2d54a53b74_w360.webp','https://s3.duellinksmeta.com/cards/60c2b3aca0e24f2d54a53b74_w420.webp'
32,33,Knightmare Cerberus,EARTH,,[ Fiend / Link / Effect ],"2 monsters with different names
If this card is Link Summoned: You can discard 1 card, then target 1 Special Summoned monster in your opponent's Main Monster Zone; destroy it, then, if this card was co-linked when this effect was activated, you can draw 1 card. You can only use this effect of ""Knightmare Cerberus"" once per turn. Co-linked monsters you control cannot be destroyed by card effects.",1600,,LINK–2,,'https://s3.duellinksmeta.com/cards/60c2b3aba0e24f2d54a5287d_w50.webp', 'https://s3.duellinksmeta.com/cards/60c2b3aba0e24f2d54a5287d_w100.webp', 'https://s3.duellinksmeta.com/cards/60c2b3aba0e24f2d54a5287d_w140.webp', 'https://s3.duellinksmeta.com/cards/60c2b3aba0e24f2d54a5287d_w200.webp', 'https://s3.duellinksmeta.com/cards/60c2b3aba0e24f2d54a5287d_w260.webp', 'https://s3.duellinksmeta.com/cards/60c2b3aba0e24f2d54a5287d_w360.webp', 'https://s3.duellinksmeta.com/cards/60c2b3aba0e24f2d54a5287d_w420.webp'
33,34,Zoodiac Thoroughblade,EARTH,4.0,[ Beast-Warrior / Effect ],"If this card is Normal or Special Summoned: You can discard 1 ""Zoodiac"" card, and if you do, draw 1 card. An Xyz Monster whose original Type is Beast-Warrior and has this card as Xyz Material gains this effect.
● If this card attacks a Defense Position monster, inflict piercing battle damage to your opponent.",1600,0,,,'https://s3.duellinksmeta.com/cards/60c2b3ada0e24f2d54a53fa6_w50.webp', 'https://s3.duellinksmeta.com/cards/60c2b3ada0e24f2d54a53fa6_w100.webp', 'https://s3.duellinksmeta.com/cards/60c2b3ada0e24f2d54a53fa6_w140.webp', 'https://s3.duellinksmeta.com/cards/60c2b3ada0e24f2d54a53fa6_w200.webp', 'https://s3.duellinksmeta.com/cards/60c2b3ada0e24f2d54a53fa6_w260.webp', 'https://s3.duellinksmeta.com/cards/60c2b3ada0e24f2d54a53fa6_w360.webp', 'https://s3.duellinksmeta.com/cards/60c2b3ada0e24f2d54a53fa6_w420.webp'
34,35,Effect Veiler,LIGHT,1.0,[ Spellcaster / Effect / Tuner ],"During your opponent's Main Phase (Quick Effect): You can send this card from your hand to the GY, then target 1 Effect Monster your opponent controls; negate the effects of that face-up monster your opponent controls, until the end of this turn.",0,0,,,'https://s3.duellinksmeta.com/cards/60c2b3aaa0e24f2d54a51f3e_w50.webp', 'https://s3.duellinksmeta.com/cards/60c2b3aaa0e24f2d54a51f3e_w100.webp', 'https://s3.duellinksmeta.com/cards/60c2b3aaa0e24f2d54a51f3e_w140.webp', 'https://s3.duellinksmeta.com/cards/60c2b3aaa0e24f2d54a51f3e_w200.webp', 'https://s3.duellinksmeta.com/cards/60c2b3aaa0e24f2d54a51f3e_w260.webp', 'https://s3.duellinksmeta.com/cards/60c2b3aaa0e24f2d54a51f3e_w360.webp', 'https://s3.duellinksmeta.com/cards/60c2b3aaa0e24f2d54a51f3e_w420.webp'
35,36,Zoodiac Tigermortar,EARTH,4.0,[ Beast-Warrior / Xyz / Effect ],"3 Level 4 monsters
Once per turn, you can also Xyz Summon ""Zoodiac Tigermortar"" by using 1 ""Zoodiac"" monster you control with a different name as Xyz Material. (If you used an Xyz Monster, any Xyz Materials attached to it also become Xyz Materials on this card.) This card gains ATK and DEF equal to the ATK and DEF of all ""Zoodiac"" monsters attached to it as Materials. Once per turn: You can detach 1 Xyz Material from this card, then target 1 Xyz Monster you control and 1 ""Zoodiac"" monster in your Graveyard; attach that ""Zoodiac"" monster to that Xyz Monster as Xyz Material.",0,0,,,'https://s3.duellinksmeta.com/cards/60c2b3ada0e24f2d54a53fa7_w50.webp', 'https://s3.duellinksmeta.com/cards/60c2b3ada0e24f2d54a53fa7_w100.webp', 'https://s3.duellinksmeta.com/cards/60c2b3ada0e24f2d54a53fa7_w140.webp', 'https://s3.duellinksmeta.com/cards/60c2b3ada0e24f2d54a53fa7_w200.webp', 'https://s3.duellinksmeta.com/cards/60c2b3ada0e24f2d54a53fa7_w260.webp', 'https://s3.duellinksmeta.com/cards/60c2b3ada0e24f2d54a53fa7_w360.webp', 'https://s3.duellinksmeta.com/cards/60c2b3ada0e24f2d54a53fa7_w420.webp'
36,37,Predaplant Verte Anaconda,DARK,,[ Plant / Link / Effect ],"2 Effect Monsters
You can target 1 face-up monster on the field; it becomes DARK until the end of this turn. You can pay 2000 LP and send 1 ""Fusion"" or ""Polymerization"" Normal or Quick-Play Spell from your Deck to the GY; this effect becomes that Spell's effect when that card is activated, also, you cannot Special Summon monsters for the rest of this turn. You can only use each effect of ""Predaplant Verte Anaconda"" once per turn.",500,,LINK–2,Limited 1,'https://s3.duellinksmeta.com/cards/60c2b3aca0e24f2d54a53196_w50.webp', 'https://s3.duellinksmeta.com/cards/60c2b3aca0e24f2d54a53196_w100.webp', 'https://s3.duellinksmeta.com/cards/60c2b3aca0e24f2d54a53196_w140.webp', 'https://s3.duellinksmeta.com/cards/60c2b3aca0e24f2d54a53196_w200.webp', 'https://s3.duellinksmeta.com/cards/60c2b3aca0e24f2d54a53196_w260.webp', 'https://s3.duellinksmeta.com/cards/60c2b3aca0e24f2d54a53196_w360.webp', 'https://s3.duellinksmeta.com/cards/60c2b3aca0e24f2d54a53196_w420.webp'
37,38,Downerd Magician,DARK,4.0,[ Spellcaster / Xyz / Effect ],"2 Level 4 Spellcaster-Type monsters
During your Main Phase 2, you can also Xyz Summon this card by using a Rank 3 or lower Xyz Monster you control as the Xyz Material. (Xyz Materials attached to that monster also become Xyz Materials on this card.) This card gains 200 ATK for each Xyz Material attached to it. If this card attacks a Defense Position monster, inflict piercing battle damage to your opponent. If this card attacked or was attacked, after damage calculation: Detach 1 Xyz Material from this card.",2100,200,,,'https://s3.duellinksmeta.com/cards/60c2b3aaa0e24f2d54a51e40_w50.webp', 'https://s3.duellinksmeta.com/cards/60c2b3aaa0e24f2d54a51e40_w100.webp', 'https://s3.duellinksmeta.com/cards/60c2b3aaa0e24f2d54a51e40_w140.webp', 'https://s3.duellinksmeta.com/cards/60c2b3aaa0e24f2d54a51e40_w200.webp', 'https://s3.duellinksmeta.com/cards/60c2b3aaa0e24f2d54a51e40_w260.webp', 'https://s3.duellinksmeta.com/cards/60c2b3aaa0e24f2d54a51e40_w360.webp', 'https://s3.duellinksmeta.com/cards/60c2b3aaa0e24f2d54a51e40_w420.webp'
38,39,Zoodiac Ramram,EARTH,4.0,[ Beast-Warrior / Effect ],"If this card is destroyed by battle or card effect: You can target 1 ""Zoodiac"" monster in your GY, except ""Zoodiac Ramram""; Special Summon it. An Xyz Monster whose original Type is Beast-Warrior and has this card as material gains this effect.
● When your opponent activates a Trap Card or effect that targets this card (Quick Effect): You can detach 1 material from this card; negate the activation.",400,2000,,,'https://s3.duellinksmeta.com/cards/60c2b3ada0e24f2d54a53fa4_w50.webp', 'https://s3.duellinksmeta.com/cards/60c2b3ada0e24f2d54a53fa4_w100.webp', 'https://s3.duellinksmeta.com/cards/60c2b3ada0e24f2d54a53fa4_w140.webp', 'https://s3.duellinksmeta.com/cards/60c2b3ada0e24f2d54a53fa4_w200.webp', 'https://s3.duellinksmeta.com/cards/60c2b3ada0e24f2d54a53fa4_w260.webp', 'https://s3.duellinksmeta.com/cards/60c2b3ada0e24f2d54a53fa4_w360.webp', 'https://s3.duellinksmeta.com/cards/60c2b3ada0e24f2d54a53fa4_w420.webp'
39,40,Borrelsword Dragon,DARK,,[ Dragon / Link / Effect ],"3+ Effect Monsters
Cannot be destroyed by battle. Once per turn (Quick Effect): You can target 1 Attack Position monster; change it to Defense Position, also, this card can make a second attack during each Battle Phase this turn. Your opponent cannot activate cards or effects in response to this effect's activation. Once per turn, when this card declares an attack on a face-up monster: You can activate this effect; until the end of this turn, this card gains ATK equal to half that monster's current ATK, and if it does, that monster's current ATK is halved.",3000,,LINK–4,,'https://s3.duellinksmeta.com/cards/60c2b3a9a0e24f2d54a517d3_w50.webp', 'https://s3.duellinksmeta.com/cards/60c2b3a9a0e24f2d54a517d3_w100.webp', 'https://s3.duellinksmeta.com/cards/60c2b3a9a0e24f2d54a517d3_w140.webp', 'https://s3.duellinksmeta.com/cards/60c2b3a9a0e24f2d54a517d3_w200.webp', 'https://s3.duellinksmeta.com/cards/60c2b3a9a0e24f2d54a517d3_w260.webp', 'https://s3.duellinksmeta.com/cards/60c2b3a9a0e24f2d54a517d3_w360.webp', 'https://s3.duellinksmeta.com/cards/60c2b3a9a0e24f2d54a517d3_w420.webp'
40,41,Number 41: Bagooska the Terribly Tired Tapir,EARTH,4.0,[ Fiend / Xyz / Effect ],"2 Level 4 monsters
Once per turn, during your Standby Phase, detach 1 material from this card. If you cannot, destroy it. This Attack Position card cannot be destroyed by your opponent's card effects. Your opponent cannot target this Attack Position card with card effects. While this card is in face-up Defense Position, change all face-up monsters on the field to Defense Position, also negate the activated effects of monsters that were in Defense Position when that effect was activated.",2100,2000,,,'https://s3.duellinksmeta.com/cards/60c2b3aba0e24f2d54a52eaa_w50.webp', 'https://s3.duellinksmeta.com/cards/60c2b3aba0e24f2d54a52eaa_w100.webp', 'https://s3.duellinksmeta.com/cards/60c2b3aba0e24f2d54a52eaa_w140.webp', 'https://s3.duellinksmeta.com/cards/60c2b3aba0e24f2d54a52eaa_w200.webp', 'https://s3.duellinksmeta.com/cards/60c2b3aba0e24f2d54a52eaa_w260.webp', 'https://s3.duellinksmeta.com/cards/60c2b3aba0e24f2d54a52eaa_w360.webp', 'https://s3.duellinksmeta.com/cards/60c2b3aba0e24f2d54a52eaa_w420.webp'
41,42,Secure Gardna,LIGHT,,[ Cyberse / Link / Effect ],"1 Cyberse Link Monster
After this card is Special Summoned, you take no effect damage for the rest of this turn. Once per turn, if you would take battle or effect damage, you take no damage. Cannot be used as Link Material. You can only control 1 ""Secure Gardna"".",1000,,LINK–1,,'https://s3.duellinksmeta.com/cards/60c2b3aca0e24f2d54a53536_w50.webp', 'https://s3.duellinksmeta.com/cards/60c2b3aca0e24f2d54a53536_w100.webp', 'https://s3.duellinksmeta.com/cards/60c2b3aca0e24f2d54a53536_w140.webp', 'https://s3.duellinksmeta.com/cards/60c2b3aca0e24f2d54a53536_w200.webp', 'https://s3.duellinksmeta.com/cards/60c2b3aca0e24f2d54a53536_w260.webp', 'https://s3.duellinksmeta.com/cards/60c2b3aca0e24f2d54a53536_w360.webp', 'https://s3.duellinksmeta.com/cards/60c2b3aca0e24f2d54a53536_w420.webp'
42,43,"Selene, Queen of the Master Magicians",LIGHT,,[ Spellcaster / Link / Effect ],"2+ monsters, including a Spellcaster monster
If this card is Link Summoned: Place Spell Counters on this card, equal to the number of Spells on the field and in the GYs. While an ""Endymion"" card(s) is on the field, your opponent's monsters cannot target this card for attacks. Once per turn, during the Main Phase (Quick Effect): You can remove 3 Spell Counters from your field; Special Summon 1 Spellcaster monster from your hand or GY in Defense Position, to your zone this card points to.",1850,,LINK–3,,'https://s3.duellinksmeta.com/cards/60c2b3aca0e24f2d54a53543_w50.webp', 'https://s3.duellinksmeta.com/cards/60c2b3aca0e24f2d54a53543_w100.webp', 'https://s3.duellinksmeta.com/cards/60c2b3aca0e24f2d54a53543_w140.webp', 'https://s3.duellinksmeta.com/cards/60c2b3aca0e24f2d54a53543_w200.webp', 'https://s3.duellinksmeta.com/cards/60c2b3aca0e24f2d54a53543_w260.webp', 'https://s3.duellinksmeta.com/cards/60c2b3aca0e24f2d54a53543_w360.webp', 'https://s3.duellinksmeta.com/cards/60c2b3aca0e24f2d54a53543_w420.webp'
43,44,Lyrilusc - Assembled Nightingale,WIND,1.0,[ Winged Beast / Xyz / Effect ],"2 or more Level 1 monsters
This card gains 200 ATK for each Xyz Material attached to it. This card can attack directly. While this card has Xyz Material, it can attack a number of times each Battle Phase, up to the number of Xyz Materials attached to it. Once per turn, during either player's turn: You can detach 1 Xyz Material from this card; until the end of this turn, ""Lyrilusc"" monsters you control cannot be destroyed by battle or card effects, also you take no battle damage.",0,0,,,'https://s3.duellinksmeta.com/cards/60c2b3aba0e24f2d54a52a1d_w50.webp', 'https://s3.duellinksmeta.com/cards/60c2b3aba0e24f2d54a52a1d_w100.webp', 'https://s3.duellinksmeta.com/cards/60c2b3aba0e24f2d54a52a1d_w140.webp', 'https://s3.duellinksmeta.com/cards/60c2b3aba0e24f2d54a52a1d_w200.webp', 'https://s3.duellinksmeta.com/cards/60c2b3aba0e24f2d54a52a1d_w260.webp', 'https://s3.duellinksmeta.com/cards/60c2b3aba0e24f2d54a52a1d_w360.webp', 'https://s3.duellinksmeta.com/cards/60c2b3aba0e24f2d54a52a1d_w420.webp'
44,45,Number F0: Utopic Future,LIGHT,,[ Warrior / Xyz / Effect ],"2 Xyz Monsters with the same Rank, except ""Number"" monsters
(This card's original Rank is always treated as 1.)
Cannot be destroyed by battle, and neither player takes any battle damage from attacks involving this card. At the end of the Damage Step, if this card battled an opponent's monster: You can take control of that opponent's monster until the end of the Battle Phase. If this face-up card on the field would be destroyed by a card effect, you can detach 1 material from this card instead.",0,0,,,'https://s3.duellinksmeta.com/cards/60c2b3aba0e24f2d54a52f07_w50.webp', 'https://s3.duellinksmeta.com/cards/60c2b3aba0e24f2d54a52f07_w100.webp', 'https://s3.duellinksmeta.com/cards/60c2b3aba0e24f2d54a52f07_w140.webp', 'https://s3.duellinksmeta.com/cards/60c2b3aba0e24f2d54a52f07_w200.webp', 'https://s3.duellinksmeta.com/cards/60c2b3aba0e24f2d54a52f07_w260.webp', 'https://s3.duellinksmeta.com/cards/60c2b3aba0e24f2d54a52f07_w360.webp', 'https://s3.duellinksmeta.com/cards/60c2b3aba0e24f2d54a52f07_w420.webp'
45,46,Prank-Kids Meow-Meow-Mu,EARTH,,[ Rock / Link / Effect ],"1 Level 4 or lower ""Prank-Kids"" monster
You can only Link Summon ""Prank-Kids Meow-Meow-Mu"" once per turn. If a ""Prank-Kids"" monster you control would Tribute itself to activate its effect during your opponent's turn, you can banish this card you control or from your GY instead. You can only use this effect of ""Prank-Kids Meow-Meow-Mu"" once per turn.",1000,,LINK–1,,'https://s3.duellinksmeta.com/cards/60c2b3aca0e24f2d54a53178_w50.webp', 'https://s3.duellinksmeta.com/cards/60c2b3aca0e24f2d54a53178_w100.webp', 'https://s3.duellinksmeta.com/cards/60c2b3aca0e24f2d54a53178_w140.webp', 'https://s3.duellinksmeta.com/cards/60c2b3aca0e24f2d54a53178_w200.webp', 'https://s3.duellinksmeta.com/cards/60c2b3aca0e24f2d54a53178_w260.webp', 'https://s3.duellinksmeta.com/cards/60c2b3aca0e24f2d54a53178_w360.webp', 'https://s3.duellinksmeta.com/cards/60c2b3aca0e24f2d54a53178_w420.webp'
46,47,Number F0: Utopic Draco Future,LIGHT,,[ Warrior / Xyz / Effect ],"3 Xyz Monsters with the same Rank, except ""Number"" monsters
(This card's original Rank is always treated as 1.)
You can also Xyz Summon this card by using a ""Number F0: Utopic Future"" you control as material. (Transfer its materials to this card.) Cannot be destroyed by battle or card effects. Once per turn, when your opponent activates a monster effect (Quick Effect): You can detach 1 material from this card; negate the activation, then if your opponent controls that monster, take control of it.",3000,2000,,,'https://s3.duellinksmeta.com/cards/60c2b3aba0e24f2d54a52f09_w50.webp', 'https://s3.duellinksmeta.com/cards/60c2b3aba0e24f2d54a52f09_w100.webp', 'https://s3.duellinksmeta.com/cards/60c2b3aba0e24f2d54a52f09_w140.webp', 'https://s3.duellinksmeta.com/cards/60c2b3aba0e24f2d54a52f09_w200.webp', 'https://s3.duellinksmeta.com/cards/60c2b3aba0e24f2d54a52f09_w260.webp', 'https://s3.duellinksmeta.com/cards/60c2b3aba0e24f2d54a52f09_w360.webp', 'https://s3.duellinksmeta.com/cards/60c2b3aba0e24f2d54a52f09_w420.webp'
47,48,Prank-Kids Rocksies,EARTH,4.0,[ Rock / Effect ],"If this card is sent to the GY as material for the Fusion or Link Summon of a ""Prank-Kids"" monster: You can banish 1 card from your hand, and if you do, draw 1 card, then, you can Special Summon 1 ""Prank-Kids"" monster from your hand or Deck in Defense Position, except ""Prank-Kids Rocksies"". You can only use this effect of ""Prank-Kids Rocksies"" once per turn.",1500,1500,,,'https://s3.duellinksmeta.com/cards/60c2b3aca0e24f2d54a5317f_w50.webp', 'https://s3.duellinksmeta.com/cards/60c2b3aca0e24f2d54a5317f_w100.webp', 'https://s3.duellinksmeta.com/cards/60c2b3aca0e24f2d54a5317f_w140.webp', 'https://s3.duellinksmeta.com/cards/60c2b3aca0e24f2d54a5317f_w200.webp', 'https://s3.duellinksmeta.com/cards/60c2b3aca0e24f2d54a5317f_w260.webp', 'https://s3.duellinksmeta.com/cards/60c2b3aca0e24f2d54a5317f_w360.webp', 'https://s3.duellinksmeta.com/cards/60c2b3aca0e24f2d54a5317f_w420.webp'
48,49,Prank-Kids Dropsies,WATER,2.0,[ Aqua / Effect ],"If this card is sent to the GY as material for the Fusion or Link Summon of a ""Prank-Kids"" monster: You can gain 1000 LP, then you can Special Summon 1 ""Prank-Kids"" monster from your hand or Deck in Defense Position, except ""Prank-Kids Dropsies"". You can only use this effect of ""Prank-Kids Dropsies"" once per turn.",1000,1000,,,'https://s3.duellinksmeta.com/cards/60c2b3aca0e24f2d54a53175_w50.webp', 'https://s3.duellinksmeta.com/cards/60c2b3aca0e24f2d54a53175_w100.webp', 'https://s3.duellinksmeta.com/cards/60c2b3aca0e24f2d54a53175_w140.webp', 'https://s3.duellinksmeta.com/cards/60c2b3aca0e24f2d54a53175_w200.webp', 'https://s3.duellinksmeta.com/cards/60c2b3aca0e24f2d54a53175_w260.webp', 'https://s3.duellinksmeta.com/cards/60c2b3aca0e24f2d54a53175_w360.webp', 'https://s3.duellinksmeta.com/cards/60c2b3aca0e24f2d54a53175_w420.webp'
49,50,Prank-Kids Dodo-Doodle-Doo,WIND,,[ Thunder / Link / Effect ],"2 ""Prank-Kids"" monsters
If this card is Link Summoned: You can add 1 ""Prank-Kids"" Spell/Trap from your Deck to your hand. You can Tribute this card, then target 2 ""Prank-Kids"" cards with different names in your GY, except Link Monsters; add them to your hand. You can only use each effect of ""Prank-Kids Dodo-Doodle-Doo"" once per turn.",2000,,LINK–2,,'https://s3.duellinksmeta.com/cards/60c2b3aca0e24f2d54a53174_w50.webp', 'https://s3.duellinksmeta.com/cards/60c2b3aca0e24f2d54a53174_w100.webp', 'https://s3.duellinksmeta.com/cards/60c2b3aca0e24f2d54a53174_w140.webp', 'https://s3.duellinksmeta.com/cards/60c2b3aca0e24f2d54a53174_w200.webp', 'https://s3.duellinksmeta.com/cards/60c2b3aca0e24f2d54a53174_w260.webp', 'https://s3.duellinksmeta.com/cards/60c2b3aca0e24f2d54a53174_w360.webp', 'https://s3.duellinksmeta.com/cards/60c2b3aca0e24f2d54a53174_w420.webp'
50,51,Mecha Phantom Beast O-Lion,WIND,2.0,[ Machine / Effect / Tuner ],"You can banish this card from your Graveyard; immediately after this effect resolves, Normal Summon 1 ""Mecha Phantom Beast"" monster from your hand. While you control a Token, this card cannot be destroyed by battle or card effects. If this card is sent to the Graveyard: You can Special Summon 1 ""Mecha Phantom Beast Token"" (Machine-Type/WIND/Level 3/ATK 0/DEF 0). You can only use this effect of ""Mecha Phantom Beast O-Lion"" once per turn.",600,1000,,,'https://s3.duellinksmeta.com/cards/60c2b3aba0e24f2d54a52bb7_w50.webp', 'https://s3.duellinksmeta.com/cards/60c2b3aba0e24f2d54a52bb7_w100.webp', 'https://s3.duellinksmeta.com/cards/60c2b3aba0e24f2d54a52bb7_w140.webp', 'https://s3.duellinksmeta.com/cards/60c2b3aba0e24f2d54a52bb7_w200.webp', 'https://s3.duellinksmeta.com/cards/60c2b3aba0e24f2d54a52bb7_w260.webp', 'https://s3.duellinksmeta.com/cards/60c2b3aba0e24f2d54a52bb7_w360.webp', 'https://s3.duellinksmeta.com/cards/60c2b3aba0e24f2d54a52bb7_w420.webp'
51,52,True King of All Calamities,DARK,9.0,[ Wyrm / Xyz / Effect ],"2+ Level 9 monsters
Once per turn (Quick Effect): You can detach 1 material from this card and declare 1 Attribute; this turn, all face-up monsters on the field become that Attribute, also all monsters in your opponent's possession with that Attribute cannot activate their effects or attack. Monsters that ""True Draco"" and ""True King"" monsters in your hand would destroy with their effects can be chosen from your opponent's field.",3000,3000,,Limited 1,'https://s3.duellinksmeta.com/cards/60c2b3aca0e24f2d54a53bd1_w50.webp', 'https://s3.duellinksmeta.com/cards/60c2b3aca0e24f2d54a53bd1_w100.webp', 'https://s3.duellinksmeta.com/cards/60c2b3aca0e24f2d54a53bd1_w140.webp', 'https://s3.duellinksmeta.com/cards/60c2b3aca0e24f2d54a53bd1_w200.webp', 'https://s3.duellinksmeta.com/cards/60c2b3aca0e24f2d54a53bd1_w260.webp', 'https://s3.duellinksmeta.com/cards/60c2b3aca0e24f2d54a53bd1_w360.webp', 'https://s3.duellinksmeta.com/cards/60c2b3aca0e24f2d54a53bd1_w420.webp'
52,53,Zoodiac Whiptail,EARTH,4.0,[ Beast-Warrior / Effect ],"(Quick Effect): You can target 1 Beast-Warrior Xyz Monster you control; attach this card from your hand or field to it as material. An Xyz Monster whose original Type is Beast-Warrior and has this card as material gains this effect.
● If this card battles an opponent's monster, after damage calculation: Banish that opponent's monster.",1200,400,,,'https://s3.duellinksmeta.com/cards/60c2b3ada0e24f2d54a53fa8_w50.webp', 'https://s3.duellinksmeta.com/cards/60c2b3ada0e24f2d54a53fa8_w100.webp', 'https://s3.duellinksmeta.com/cards/60c2b3ada0e24f2d54a53fa8_w140.webp', 'https://s3.duellinksmeta.com/cards/60c2b3ada0e24f2d54a53fa8_w200.webp', 'https://s3.duellinksmeta.com/cards/60c2b3ada0e24f2d54a53fa8_w260.webp', 'https://s3.duellinksmeta.com/cards/60c2b3ada0e24f2d54a53fa8_w360.webp', 'https://s3.duellinksmeta.com/cards/60c2b3ada0e24f2d54a53fa8_w420.webp'
53,54,The Phantom Knights of Break Sword,DARK,3.0,[ Warrior / Xyz / Effect ],"2 Level 3 monsters
Once per turn: You can detach 1 material from this card, then target 1 card you control and 1 card your opponent controls; destroy them. If this Xyz Summoned card is destroyed: You can target 2 ""The Phantom Knights"" monsters with the same Level in your GY; Special Summon them and increase their Levels by 1, also you cannot Special Summon monsters for the rest of this turn, except DARK monsters.",2000,1000,,,'https://s3.duellinksmeta.com/cards/60c2b3aca0e24f2d54a53a23_w50.webp', 'https://s3.duellinksmeta.com/cards/60c2b3aca0e24f2d54a53a23_w100.webp', 'https://s3.duellinksmeta.com/cards/60c2b3aca0e24f2d54a53a23_w140.webp', 'https://s3.duellinksmeta.com/cards/60c2b3aca0e24f2d54a53a23_w200.webp', 'https://s3.duellinksmeta.com/cards/60c2b3aca0e24f2d54a53a23_w260.webp', 'https://s3.duellinksmeta.com/cards/60c2b3aca0e24f2d54a53a23_w360.webp', 'https://s3.duellinksmeta.com/cards/60c2b3aca0e24f2d54a53a23_w420.webp'
54,55,D.D. Crow,DARK,1.0,[ Winged Beast / Effect ],"(Quick Effect): You can discard this card to the GY, then target 1 card in your opponent's GY; banish that target.",100,100,,,'https://s3.duellinksmeta.com/cards/60c2b3aaa0e24f2d54a51b61_w50.webp', 'https://s3.duellinksmeta.com/cards/60c2b3aaa0e24f2d54a51b61_w100.webp', 'https://s3.duellinksmeta.com/cards/60c2b3aaa0e24f2d54a51b61_w140.webp', 'https://s3.duellinksmeta.com/cards/60c2b3aaa0e24f2d54a51b61_w200.webp', 'https://s3.duellinksmeta.com/cards/60c2b3aaa0e24f2d54a51b61_w260.webp', 'https://s3.duellinksmeta.com/cards/60c2b3aaa0e24f2d54a51b61_w360.webp', 'https://s3.duellinksmeta.com/cards/60c2b3aaa0e24f2d54a51b61_w420.webp'
55,56,Dragon Buster Destruction Sword,DARK,1.0,[ Dragon / Effect / Tuner ],"You can target 1 ""Buster Blader"" you control; equip this monster from your hand or your side of the field to that target. While this card is equipped to a monster, your opponent cannot Special Summon monsters from the Extra Deck. While this card is equipped to a monster: You can Special Summon this equipped card. You can only use this effect of ""Dragon Buster Destruction Sword"" once per turn.",400,300,,,'https://s3.duellinksmeta.com/cards/60c2b3aaa0e24f2d54a51e50_w50.webp', 'https://s3.duellinksmeta.com/cards/60c2b3aaa0e24f2d54a51e50_w100.webp', 'https://s3.duellinksmeta.com/cards/60c2b3aaa0e24f2d54a51e50_w140.webp', 'https://s3.duellinksmeta.com/cards/60c2b3aaa0e24f2d54a51e50_w200.webp', 'https://s3.duellinksmeta.com/cards/60c2b3aaa0e24f2d54a51e50_w260.webp', 'https://s3.duellinksmeta.com/cards/60c2b3aaa0e24f2d54a51e50_w360.webp', 'https://s3.duellinksmeta.com/cards/60c2b3aaa0e24f2d54a51e50_w420.webp'
56,57,Underworld Goddess of the Closed World,LIGHT,,[ Fiend / Link / Effect ],"4+ Effect Monsters
You can also use 1 monster your opponent controls as material to Link Summon this card. If this card is Link Summoned: You can negate the effects of all face-up monsters your opponent currently controls. This Link Summoned card is unaffected by your opponent's activated effects, unless they target this card. Once per turn, when your opponent activates a card or effect that Special Summons a monster(s) from the GY (Quick Effect): You can negate the activation.",3000,,LINK–5,,'https://s3.duellinksmeta.com/cards/60c2b3aca0e24f2d54a53c69_w50.webp', 'https://s3.duellinksmeta.com/cards/60c2b3aca0e24f2d54a53c69_w100.webp', 'https://s3.duellinksmeta.com/cards/60c2b3aca0e24f2d54a53c69_w140.webp', 'https://s3.duellinksmeta.com/cards/60c2b3aca0e24f2d54a53c69_w200.webp', 'https://s3.duellinksmeta.com/cards/60c2b3aca0e24f2d54a53c69_w260.webp', 'https://s3.duellinksmeta.com/cards/60c2b3aca0e24f2d54a53c69_w360.webp', 'https://s3.duellinksmeta.com/cards/60c2b3aca0e24f2d54a53c69_w420.webp'
57,58,Gallant Granite,EARTH,4.0,[ Rock / Xyz / Effect ],"2 Level 4 monsters
You can detach 1 material from this card, then activate 1 of these effects;
● Add 1 Rock monster from your Deck to your hand.
● Special Summon 1 Rock monster from your hand in face-down Defense Position.
You can only use this effect of ""Gallant Granite"" once per turn.",2300,1800,,,'https://s3.duellinksmeta.com/cards/60c2b3aaa0e24f2d54a522c4_w50.webp', 'https://s3.duellinksmeta.com/cards/60c2b3aaa0e24f2d54a522c4_w100.webp', 'https://s3.duellinksmeta.com/cards/60c2b3aaa0e24f2d54a522c4_w140.webp', 'https://s3.duellinksmeta.com/cards/60c2b3aaa0e24f2d54a522c4_w200.webp', 'https://s3.duellinksmeta.com/cards/60c2b3aaa0e24f2d54a522c4_w260.webp', 'https://s3.duellinksmeta.com/cards/60c2b3aaa0e24f2d54a522c4_w360.webp', 'https://s3.duellinksmeta.com/cards/60c2b3aaa0e24f2d54a522c4_w420.webp'
58,59,Adamancipator Risen - Dragite,WATER,8.0,[ Rock / Synchro / Effect ],"1 Tuner + 1+ non-Tuner monsters
During your Main Phase: You can excavate the top 5 cards of your Deck, and if you do, you can return cards your opponent controls to the hand, up to the number of excavated Rock monsters, also place the excavated cards on the bottom of your Deck in any order. When your opponent activates a Spell/Trap Card or effect, while a WATER monster is in your GY (Quick Effect): You can negate the activation, and if you do, destroy it. You can only use each effect of ""Adamancipator Risen - Dragite"" once per turn.",3000,2200,,,'https://s3.duellinksmeta.com/cards/60c2b3a9a0e24f2d54a513b2_w50.webp', 'https://s3.duellinksmeta.com/cards/60c2b3a9a0e24f2d54a513b2_w100.webp', 'https://s3.duellinksmeta.com/cards/60c2b3a9a0e24f2d54a513b2_w140.webp', 'https://s3.duellinksmeta.com/cards/60c2b3a9a0e24f2d54a513b2_w200.webp', 'https://s3.duellinksmeta.com/cards/60c2b3a9a0e24f2d54a513b2_w260.webp', 'https://s3.duellinksmeta.com/cards/60c2b3a9a0e24f2d54a513b2_w360.webp', 'https://s3.duellinksmeta.com/cards/60c2b3a9a0e24f2d54a513b2_w420.webp'
59,60,Block Dragon,EARTH,8.0,[ Rock / Effect ],"Cannot be Normal Summoned/Set. Must be Special Summoned (from your hand or GY) by banishing 3 EARTH monsters from your hand and/or GY. Rock monsters you control cannot be destroyed, except by battle. If this card is sent from the field to the GY: You can add up to 3 Rock monsters from your Deck to your hand, whose total Levels equal 8. You can only use this effect of ""Block Dragon"" once per turn.",2500,3000,,,'https://s3.duellinksmeta.com/cards/60c2b3a9a0e24f2d54a51772_w50.webp', 'https://s3.duellinksmeta.com/cards/60c2b3a9a0e24f2d54a51772_w100.webp', 'https://s3.duellinksmeta.com/cards/60c2b3a9a0e24f2d54a51772_w140.webp', 'https://s3.duellinksmeta.com/cards/60c2b3a9a0e24f2d54a51772_w200.webp', 'https://s3.duellinksmeta.com/cards/60c2b3a9a0e24f2d54a51772_w260.webp', 'https://s3.duellinksmeta.com/cards/60c2b3a9a0e24f2d54a51772_w360.webp', 'https://s3.duellinksmeta.com/cards/60c2b3a9a0e24f2d54a51772_w420.webp'
